<?xml version="1.0" encoding="UTF-8" standalone="no"?>
<registration_data version="1.0">
   <environment>
      <hostname>JMS-PC</hostname>
      <hostId/>
      <osName>Windows 7</osName>
      <osVersion>6.1</osVersion>
      <osArchitecture>x86</osArchitecture>
      <systemModel>To Be Filled By O.E.M.</systemModel>
      <systemManufacturer>To Be Filled By O.E.M.</systemManufacturer>
      <cpuManufacturer>GenuineIntel</cpuManufacturer>
      <serialNumber>To Be Filled By O.E.M.</serialNumber>
   </environment>
   <registry urn="urn:st:364f7eab-9aae-4f63-a09f-a50df0acb4f8" version="1.0">
      <service_tag>
         <instance_urn>urn:st:434a74c2-b374-4da5-aea8-0525f258c397</instance_urn>
         <product_name>Java SE 6 Development Kit</product_name>
         <product_version>1.6.0_33</product_version>
         <product_urn>urn:uuid:b58ef9a8-5ae8-11db-a023-080020a9ed93</product_urn>
         <product_parent_urn>urn:uuid:fdc90b21-018d-4cab-b866-612c7c119ed3</product_parent_urn>
         <product_parent>Java Platform Standard Edition 6 (Java SE 6)</product_parent>
         <product_defined_inst_id>id=1.6.0_33-b05 x86,dir=E:\Develop\JDK6\jre</product_defined_inst_id>
         <product_vendor>Sun Microsystems</product_vendor>
         <platform_arch>x86</platform_arch>
         <timestamp>2013-04-16 11:21:48 GMT</timestamp>
         <container>global</container>
         <source>Windows JRE installer</source>
         <installer_uid>-1</installer_uid>
      </service_tag>
   </registry>
</registration_data>
